condition,scope,adaptation_rate,learning_rate,seed,epoch,train_loss,train_accuracy,validation_loss,validation_accuracy,beta_mean,beta_std,mean_within_tensor_beta_std,pct_beta_below_0_5,pct_beta_above_0_9
clean,tensor,0.1,0.05,101,1,2.3085519008636473,12.85,2.1822264404296874,20.7,0.8725995421409607,0.012701894389465451,0.0,0.0,25.0
clean,tensor,0.1,0.05,101,2,2.1526814002990724,19.3,2.0281798095703123,26.6,0.8067445755004883,0.014242046745494008,0.0,0.0,0.0
clean,tensor,0.1,0.05,101,3,2.036514415740967,24.35,1.94414013671875,27.5,0.8068403154611588,0.014942112378776073,0.0,0.0,0.0
clean,tensor,0.1,0.05,101,4,1.9352509937286377,27.55,1.8843565063476562,31.6,0.8055892884731293,0.015098817646503448,0.0,0.0,0.0
clean,tensor,0.1,0.05,101,5,1.8969062366485596,29.6,1.8383917236328124,33.6,0.8065740764141083,0.012274583103135228,0.0,0.0,0.0
clean,tensor,0.1,0.05,101,6,1.8549607820510865,33.85,1.8265370483398438,35.2,0.7909669429063797,0.012739612953737378,0.0,0.0,0.0
clean,output,0.1,0.05,101,1,2.3080531311035157,13.0,2.18276904296875,20.3,0.8708953410387039,0.03082590945996344,0.029820129042491317,0.0,34.203539695590734
clean,output,0.1,0.05,101,2,2.153387306213379,19.15,2.0287477416992186,26.5,0.7984652668237686,0.03318920638412237,0.03220650600269437,0.0,0.3539822995662689
clean,output,0.1,0.05,101,3,2.039084579467773,24.35,1.945753662109375,27.4,0.7900450676679611,0.02777293138206005,0.025960390456020832,0.0,0.0
clean,output,0.1,0.05,101,4,1.940196491241455,27.4,1.886603271484375,32.3,0.7881700843572617,0.025763673707842827,0.0229446180164814,0.0,0.0
clean,output,0.1,0.05,101,5,1.9004241828918458,29.1,1.843055908203125,33.8,0.7924840599298477,0.025336069520562887,0.024166711140424013,0.0,0.0
clean,output,0.1,0.05,101,6,1.8617997646331788,33.25,1.8326791381835938,34.3,0.7796468585729599,0.028284708503633738,0.027111899573355913,0.0,0.0
clean,output,0.1,0.2,101,1,2.3023080139160155,12.1,2.2874453125,17.9,0.8588330000638962,0.031025694217532873,0.029303078074008226,0.0,18.805309012532234
clean,output,0.1,0.2,101,2,2.2767351303100587,15.85,2.1451727294921876,22.3,0.7785727083683014,0.04031716287136078,0.037592119071632624,0.0,0.08849557489156723
clean,output,0.1,0.2,101,3,2.1178115100860597,20.35,2.0578360595703127,20.8,0.7557526677846909,0.032711881678551435,0.0313798226416111,0.0,0.0
clean,output,0.1,0.2,101,4,2.0368746547698975,23.7,1.962039306640625,30.0,0.7725479900836945,0.028440851718187332,0.027298261877149343,0.0,0.0
clean,output,0.1,0.2,101,5,1.986784860610962,26.65,1.9327620849609375,27.7,0.7891196012496948,0.02614436950534582,0.024659537710249424,0.0,0.0
clean,output,0.1,0.2,101,6,1.9571931200027466,27.9,1.925483154296875,28.3,0.7832622826099396,0.030255296267569065,0.028969114646315575,0.0,0.0
clean,tensor,0.1,0.2,101,1,2.308217601776123,12.15,2.31247509765625,19.1,0.8607762157917023,0.013593937503173947,0.0,0.0,4.268292710185051
clean,tensor,0.1,0.2,101,2,2.2430775642395018,16.45,2.1175228271484374,23.4,0.7871786653995514,0.018439336214214563,0.0,0.0,0.0
clean,tensor,0.1,0.2,101,3,2.1041164321899415,20.15,2.01391748046875,24.9,0.7806774377822876,0.019793436396867037,0.0,0.0,0.0
clean,tensor,0.1,0.2,101,4,2.0211143703460692,23.95,1.9686573486328125,26.3,0.8024605512619019,0.020266301929950714,0.0,0.0,0.0
clean,tensor,0.1,0.2,101,5,1.9799704418182373,26.8,1.9268865356445313,28.3,0.7966134399175644,0.017115996684879065,0.0,0.0,0.0
clean,tensor,0.1,0.2,101,6,1.9479238777160643,28.45,1.9207621459960937,26.4,0.7848806381225586,0.020160178653895855,0.0,0.0,0.0
clean,tensor,0.1,0.6,101,1,2.347779514312744,12.15,2.598651123046875,12.0,0.8454424738883972,0.018706409260630608,0.0,0.0,10.975609719753265
clean,tensor,0.1,0.6,101,2,2.3850387477874757,12.8,2.19492236328125,19.5,0.7683769315481186,0.027442128863185644,0.0,0.0,0.0
clean,tensor,0.1,0.6,101,3,2.170097064971924,17.6,2.0866263427734375,21.9,0.7466334700584412,0.027769113425165415,0.0,0.0,0.0
clean,tensor,0.1,0.6,101,4,2.074876485824585,21.85,2.0193062133789064,27.1,0.7758981436491013,0.01840519020333886,0.0,0.0,0.0
clean,tensor,0.1,0.6,101,5,2.0386900329589843,24.85,1.9911403198242188,25.3,0.8073398917913437,0.013559369836002588,0.0,0.0,0.0
clean,tensor,0.1,0.6,101,6,2.0135577697753906,24.8,1.9814877319335937,26.1,0.8063837885856628,0.014322507428005338,0.0,0.0,0.0
clean,output,0.1,0.6,101,1,2.347106973648071,11.6,2.6743199462890623,13.3,0.8394794762134552,0.0344825591892004,0.03345242701470852,0.0,18.672566674649715
clean,output,0.1,0.6,101,2,2.3454865131378173,12.65,2.2326514892578126,16.9,0.7467700988054276,0.04243023972958326,0.03860193490982056,0.0,0.08849557489156723
clean,output,0.1,0.6,101,3,2.1751303215026856,19.3,2.056445068359375,22.7,0.7487454861402512,0.03990704193711281,0.03636204358190298,0.0,0.0
clean,output,0.1,0.6,101,4,2.0665406131744386,22.5,1.9965414428710937,25.4,0.771869346499443,0.030760839115828276,0.030492158140987158,0.0,0.0
clean,output,0.1,0.6,101,5,2.0200055198669435,24.65,1.9634873657226561,27.4,0.7900681644678116,0.027173571288585663,0.026346550323069096,0.0,0.0
clean,output,0.1,0.6,101,6,1.9828416614532471,26.9,1.94557177734375,27.5,0.7812841832637787,0.03155736532062292,0.028888536617159843,0.0,0.0
noise20,output,0.1,0.05,101,1,2.3141198177337645,12.5,2.2157847900390624,20.1,0.8649867326021194,0.029970321571454406,0.028942442149855196,0.0,31.725663878023624
noise20,output,0.1,0.05,101,2,2.218634424209595,17.9,2.09415087890625,22.7,0.7921088933944702,0.03095034509897232,0.029579636175185442,0.0,0.08849557489156723
noise20,output,0.1,0.05,101,3,2.1530857849121094,20.85,2.019484191894531,26.5,0.7859482765197754,0.026386822573840618,0.024900090415030718,0.0,0.0
noise20,output,0.1,0.05,101,4,2.1070892868041993,23.35,1.950061767578125,32.0,0.7896780967712402,0.026808289345353842,0.023760627023875713,0.0,0.0
noise20,output,0.1,0.05,101,5,2.076866933822632,25.55,1.9311983032226563,32.6,0.7892514616250992,0.026425219606608152,0.02495105331763625,0.0,0.0
noise20,output,0.1,0.05,101,6,2.056423128128052,26.55,1.91906201171875,32.4,0.7828940600156784,0.027475665789097548,0.026452697347849607,0.0,0.0
noise20,tensor,0.1,0.05,101,1,2.314264242172241,12.5,2.2130592041015626,19.8,0.8655327558517456,0.017173823347548023,0.0,0.0,25.0
noise20,tensor,0.1,0.05,101,2,2.217169666290283,18.35,2.097413330078125,21.7,0.7996247112751007,0.013071263674646616,0.0,0.0,0.0
noise20,tensor,0.1,0.05,101,3,2.1539957618713377,20.45,2.020328857421875,26.5,0.7978646606206894,0.011242713313549757,0.0,0.0,0.0
noise20,tensor,0.1,0.05,101,4,2.1065903091430664,23.0,1.9484398803710938,32.8,0.8071823269128799,0.011545398971065879,0.0,0.0,0.0
noise20,tensor,0.1,0.05,101,5,2.076158447265625,26.15,1.9273165283203124,32.6,0.8037936091423035,0.01094458601437509,0.0,0.0,0.0
noise20,tensor,0.1,0.05,101,6,2.054650993347168,26.45,1.9144691162109375,32.7,0.7971762120723724,0.013596386648714542,0.0,0.0,0.0
noise20,tensor,0.1,0.2,101,1,2.318560119628906,11.05,2.33903076171875,10.0,0.8532901108264923,0.015459797345101833,0.0,0.0,1.8292682245373726
noise20,tensor,0.1,0.2,101,2,2.3031814613342285,13.3,2.1685372314453124,22.4,0.7841252684593201,0.02726567629724741,0.0,0.0,0.0
noise20,tensor,0.1,0.2,101,3,2.215371162414551,16.5,2.081464599609375,22.2,0.7826142758131027,0.019162778742611408,0.0,0.0,0.0
noise20,tensor,0.1,0.2,101,4,2.1540710964202883,19.6,2.017204833984375,26.1,0.7874791473150253,0.013122285017743707,0.0,0.0,0.0
noise20,tensor,0.1,0.2,101,5,2.1235274124145507,21.9,1.98982080078125,30.5,0.8014362305402756,0.013157278299331665,0.0,0.0,0.0
noise20,tensor,0.1,0.2,101,6,2.1063512649536134,24.6,1.9740709228515625,28.0,0.8086099773645401,0.01828825823031366,0.0,0.0,0.0
noise20,output,0.1,0.2,101,1,2.3196418857574463,11.05,2.34459619140625,10.0,0.853747233748436,0.031057178042829037,0.028972352389246225,0.0,16.194690018892288
noise20,output,0.1,0.2,101,2,2.3071849384307863,13.15,2.1804073486328126,19.8,0.7722361385822296,0.04092300217598677,0.036589641124010086,0.0,0.2654867246747017
noise20,output,0.1,0.2,101,3,2.215909122467041,16.0,2.0830208740234375,21.6,0.766092911362648,0.03149823471903801,0.028887422755360603,0.0,0.0
noise20,output,0.1,0.2,101,4,2.1572677116394043,19.45,2.0180437622070313,29.7,0.7687031775712967,0.02994991699233651,0.02831100346520543,0.0,0.0
noise20,output,0.1,0.2,101,5,2.128622501373291,22.5,1.9974299926757813,29.7,0.7833086848258972,0.028008378110826015,0.027003722731024027,0.0,0.0
noise20,output,0.1,0.2,101,6,2.109271266937256,24.6,1.9830732421875,27.8,0.7848881185054779,0.030080552212893963,0.029559568036347628,0.0,0.0
noise20,output,0.1,0.6,101,1,2.39128582572937,10.9,2.4758436279296876,10.0,0.8446816205978394,0.03409011568874121,0.03113758284598589,0.0,15.486725699156523
noise20,output,0.1,0.6,101,2,2.3449971961975096,9.8,2.253725341796875,12.6,0.7400671243667603,0.052580686286091805,0.04781102295964956,0.0,0.13274336233735085
noise20,output,0.1,0.6,101,3,2.241493658065796,15.35,2.116728759765625,18.2,0.7445218861103058,0.04094758350402117,0.0387265607714653,0.0,0.0
noise20,output,0.1,0.6,101,4,2.1914145584106444,18.35,2.0637584228515626,24.3,0.7736116349697113,0.03494527842849493,0.03334697289392352,0.0,0.0
noise20,output,0.1,0.6,101,5,2.1622223682403563,19.95,2.0340223388671874,26.6,0.7855044305324554,0.030897619668394327,0.02876997645944357,0.0,0.0
noise20,output,0.1,0.6,101,6,2.1392853317260743,23.15,2.0174265747070312,26.9,0.7893514484167099,0.028995609376579523,0.02695916360244155,0.0,0.044247787445783615
noise20,tensor,0.1,0.6,101,1,2.3854574527740477,11.05,2.4633466796875,10.0,0.851091593503952,0.01932703796774149,0.0,0.0,3.658536449074745
noise20,tensor,0.1,0.6,101,2,2.3347284355163573,10.85,2.215326416015625,17.2,0.7596912235021591,0.03293979587033391,0.0,0.0,0.0
noise20,tensor,0.1,0.6,101,3,2.2454951667785643,14.5,2.150758056640625,18.1,0.7680118083953857,0.017979803029447794,0.0,0.0,0.0
noise20,tensor,0.1,0.6,101,4,2.208457597732544,17.95,2.102422607421875,20.5,0.7726706713438034,0.024649473372846842,0.0,0.0,0.0
noise20,tensor,0.1,0.6,101,5,2.179128583908081,18.25,2.0634832763671875,24.7,0.8005454540252686,0.014797429088503122,0.0,0.0,0.0
noise20,tensor,0.1,0.6,101,6,2.1606830406188964,21.7,2.050887634277344,25.7,0.8058016896247864,0.017502953996881843,0.0,0.0,0.0
clean,tensor,0.1,0.05,202,1,2.3220921211242675,9.5,2.2839764404296874,13.4,0.8672161400318146,0.01633764716098085,0.0,0.0,28.048780374228954
clean,tensor,0.1,0.05,202,2,2.195714086532593,19.9,2.1126800537109376,20.8,0.8182849735021591,0.017019452527165413,0.0,0.0,0.0
clean,tensor,0.1,0.05,202,3,2.137080820083618,21.65,2.0341363525390626,25.5,0.7983317524194717,0.01808176515623927,0.0,0.0,0.0
clean,tensor,0.1,0.05,202,4,1.9819260568618775,27.55,1.9457420654296875,28.2,0.7899036705493927,0.014359263237565756,0.0,0.0,0.0
clean,tensor,0.1,0.05,202,5,1.9120779361724853,30.4,1.90700927734375,30.0,0.801239088177681,0.012008733814582229,0.0,0.0,0.0
clean,tensor,0.1,0.05,202,6,1.877274522781372,32.8,1.8943758544921876,28.4,0.7987546473741531,0.012115647317841649,0.0,0.0,0.0
clean,output,0.1,0.05,202,1,2.3220454902648924,9.4,2.2822818603515627,14.1,0.8654987066984177,0.028630354907363653,0.025438182055950165,0.0,28.893805667757988
clean,output,0.1,0.05,202,2,2.192266410827637,19.65,2.083540283203125,22.0,0.812817171216011,0.03158646961674094,0.02919274941086769,0.0,0.575221236795187
clean,output,0.1,0.05,202,3,2.1901993980407717,20.5,2.055062255859375,21.2,0.7857047021389008,0.03314509056508541,0.0314273783005774,0.0,0.0
clean,output,0.1,0.05,202,4,2.0080129108428957,26.5,1.9676927490234375,26.5,0.7721262872219086,0.03232179721817374,0.030888714361935854,0.0,0.0
clean,output,0.1,0.05,202,5,1.9381412868499757,29.75,1.927859130859375,29.7,0.7887266129255295,0.025636700447648764,0.02420566836372018,0.0,0.0
clean,output,0.1,0.05,202,6,1.9038187370300292,32.9,1.9196446533203124,29.5,0.7949755638837814,0.026831982657313347,0.02549221133813262,0.0,0.0
clean,output,0.1,0.2,202,1,2.3453445739746095,9.75,2.304817626953125,12.7,0.8659223467111588,0.028651124332100153,0.025618725921958685,0.0,28.274336457252502
clean,output,0.1,0.2,202,2,2.1991016159057617,17.35,2.132950927734375,18.8,0.787599727511406,0.03422237001359463,0.030291291885077953,0.0,0.0
clean,output,0.1,0.2,202,3,2.074298418045044,21.4,2.1232347412109376,17.2,0.7738708704710007,0.032099452801048756,0.030112408101558685,0.0,0.0
clean,output,0.1,0.2,202,4,2.0133924293518066,23.85,1.9393024291992187,25.1,0.7698554694652557,0.030978241935372353,0.028936357237398624,0.0,0.0
clean,output,0.1,0.2,202,5,1.9141074237823485,28.1,1.9099312744140624,28.7,0.781219482421875,0.02708569448441267,0.025273770093917847,0.0,0.0
clean,output,0.1,0.2,202,6,1.8799364757537842,30.1,1.8961817626953126,28.9,0.788094237446785,0.027646050322800875,0.025079397950321436,0.0,0.0
clean,tensor,0.1,0.2,202,1,2.3466982307434083,9.55,2.2970562744140626,12.8,0.8709664940834045,0.010427701286971569,0.0,0.0,29.26829308271408
clean,tensor,0.1,0.2,202,2,2.1972429008483885,17.5,2.1381337890625,18.5,0.799565851688385,0.019069154746830463,0.0,0.0,0.0
clean,tensor,0.1,0.2,202,3,2.059506591796875,22.9,2.067755554199219,21.2,0.8032797873020172,0.020096084102988243,0.0,0.0,0.0
clean,tensor,0.1,0.2,202,4,1.9810559358596802,25.95,1.934688720703125,25.0,0.7951796799898148,0.013766169315204024,0.0,0.0,0.0
clean,tensor,0.1,0.2,202,5,1.8982073307037353,29.2,1.8948281860351563,29.7,0.7979034185409546,0.012905135750770569,0.0,0.0,0.0
clean,tensor,0.1,0.2,202,6,1.8634352149963378,31.45,1.88251220703125,27.7,0.8067518025636673,0.01523875119164586,0.0,0.0,0.0
clean,tensor,0.1,0.6,202,1,2.3651610050201417,11.6,2.3144114990234375,17.1,0.8627301603555679,0.01614240149501711,0.0,0.0,29.878048598766327
clean,tensor,0.1,0.6,202,2,2.3042924518585206,15.2,2.25880615234375,16.3,0.7708016037940979,0.023795147892087698,0.0,0.0,0.0
clean,tensor,0.1,0.6,202,3,2.1714030895233156,18.6,2.13629296875,21.6,0.7453374862670898,0.02899804525077343,0.0,0.0,0.0
clean,tensor,0.1,0.6,202,4,2.089735122680664,21.35,2.05128662109375,22.0,0.7898401021957397,0.021464604418724775,0.0,0.0,0.0
clean,tensor,0.1,0.6,202,5,2.024294065475464,24.35,2.0318653564453126,22.9,0.7972906976938248,0.02369310287758708,0.0,0.0,0.0
clean,tensor,0.1,0.6,202,6,1.991508816719055,26.75,2.0253838500976564,24.6,0.7950275391340256,0.01197648304514587,0.0,0.0,0.0
clean,output,0.1,0.6,202,1,2.3625975704193114,11.65,2.3102841796875,15.0,0.8534068316221237,0.031828791834414005,0.0289315115660429,0.0,26.725663524121046
clean,output,0.1,0.6,202,2,2.3052408847808836,12.95,2.2097373046875,17.6,0.7601079195737839,0.047682711854577065,0.04365085903555155,0.0,0.3539822995662689
clean,output,0.1,0.6,202,3,2.1352394905090333,19.35,2.092207763671875,22.4,0.7491345554590225,0.04123241826891899,0.03697250643745065,0.0,0.044247787445783615
clean,output,0.1,0.6,202,4,2.085134895324707,20.7,2.046309143066406,22.9,0.7708162367343903,0.032331847585737705,0.029961141757667065,0.0,0.0
clean,output,0.1,0.6,202,5,2.0118847618103026,24.2,2.006148010253906,25.6,0.7861198633909225,0.031111170537769794,0.028320387471467257,0.0,0.0
clean,output,0.1,0.6,202,6,1.9801747989654541,27.75,2.0003355712890625,26.3,0.7876957803964615,0.029538056813180447,0.02637708093971014,0.0,0.0
noise20,output,0.1,0.05,202,1,2.323315034866333,9.6,2.282552490234375,12.6,0.8614712953567505,0.029221557546406984,0.0266514141112566,0.0,26.90265504643321
noise20,output,0.1,0.05,202,2,2.2550731086730957,16.7,2.135349365234375,20.3,0.8107840269804001,0.030600071419030428,0.029494503047317266,0.0,0.08849557489156723
noise20,output,0.1,0.05,202,3,2.1625682392120362,21.5,2.0636515502929687,24.1,0.7978160828351974,0.026067021768540144,0.025503422133624554,0.0,0.044247787445783615
noise20,output,0.1,0.05,202,4,2.1015585098266603,23.1,1.9791072387695312,27.1,0.7921333611011505,0.02483954420313239,0.02405813056975603,0.0,0.0
noise20,output,0.1,0.05,202,5,2.0578719425201415,26.6,1.9491925048828125,31.5,0.7846923768520355,0.02332215616479516,0.022651204839348793,0.0,0.0
noise20,output,0.1,0.05,202,6,2.0298861389160154,28.6,1.9363489990234375,31.2,0.790175661444664,0.022067501675337553,0.021208596881479025,0.0,0.0
noise20,tensor,0.1,0.05,202,1,2.323259698867798,9.4,2.2833446044921875,12.9,0.8660791516304016,0.014337467611767352,0.0,0.0,26.829268224537373
noise20,tensor,0.1,0.05,202,2,2.255656942367554,16.9,2.1383939208984377,20.4,0.8173442333936691,0.013766491552814841,0.0,0.0,0.0
noise20,tensor,0.1,0.05,202,3,2.1618997192382814,21.7,2.088210205078125,21.9,0.8107644468545914,0.012990933610126376,0.0,0.0,0.0
noise20,tensor,0.1,0.05,202,4,2.1056977977752687,23.1,1.977808837890625,26.5,0.8060400635004044,0.012571990257129073,0.0,0.0,0.0
noise20,tensor,0.1,0.05,202,5,2.057870349884033,26.95,1.95094921875,31.2,0.8043585419654846,0.011699445778504014,0.0,0.0,0.0
noise20,tensor,0.1,0.05,202,6,2.0314013614654542,28.55,1.9365863037109374,30.9,0.8024424612522125,0.011086828075349331,0.0,0.0,0.0
noise20,tensor,0.1,0.2,202,1,2.356036317825317,8.95,2.2972049560546877,13.4,0.8673366606235504,0.012463892344385386,0.0,0.0,26.829268038272858
noise20,tensor,0.1,0.2,202,2,2.2626543941497803,13.85,2.1684664306640626,16.9,0.7901600897312164,0.020093144848942757,0.0,0.0,0.0
noise20,tensor,0.1,0.2,202,3,2.2340367336273195,16.4,2.0781485595703124,24.6,0.7861605137586594,0.01806603348813951,0.0,0.0,0.0
noise20,tensor,0.1,0.2,202,4,2.143113742828369,21.35,2.0452975463867187,23.8,0.7749638557434082,0.011984668672084808,0.0,0.0,0.0
noise20,tensor,0.1,0.2,202,5,2.1079647617340087,21.2,2.018037109375,25.6,0.7844430953264236,0.017025621375069022,0.0,0.0,0.0
noise20,tensor,0.1,0.2,202,6,2.089550624847412,24.7,1.9982435913085939,25.7,0.79191093146801,0.016739551909267902,0.0,0.0,0.0
noise20,output,0.1,0.2,202,1,2.3553734645843507,8.85,2.293263427734375,15.3,0.8594436794519424,0.02965707564726472,0.027187799103558064,0.0,26.15044303238392
noise20,output,0.1,0.2,202,2,2.2579917011260986,14.35,2.1385191650390625,17.3,0.7821872234344482,0.03699954180046916,0.034185703843832016,0.0,0.2654867246747017
noise20,output,0.1,0.2,202,3,2.20733687210083,16.95,2.0736986083984377,25.6,0.7770603746175766,0.031641069799661636,0.030224834568798542,0.0,0.13274336233735085
noise20,output,0.1,0.2,202,4,2.124770950317383,21.7,2.00808935546875,25.5,0.7790481597185135,0.026945259887725115,0.02601152891293168,0.0,0.0
noise20,output,0.1,0.2,202,5,2.0877967700958253,22.65,1.9884007568359374,27.3,0.7825735360383987,0.02641978207975626,0.024542822036892176,0.0,0.0
noise20,output,0.1,0.2,202,6,2.0713361244201662,25.5,1.9659932250976562,26.9,0.7817926853895187,0.026583483442664146,0.02488722000271082,0.0,0.0
noise20,output,0.1,0.6,202,1,2.3910777950286866,9.3,2.335127197265625,11.2,0.8522965908050537,0.03358355537056923,0.031559464521706104,0.0,27.16814186424017
noise20,output,0.1,0.6,202,2,2.318118740081787,10.9,2.3138582763671875,9.4,0.7259606122970581,0.05336853675544262,0.050348169170320034,0.044247787445783615,0.044247787445783615
noise20,output,0.1,0.6,202,3,2.3061077308654787,10.0,2.2847698974609374,12.2,0.7402902692556381,0.04305208381265402,0.038134949281811714,0.0,0.0
noise20,output,0.1,0.6,202,4,2.2788782653808592,13.1,2.245445556640625,17.0,0.7900555431842804,0.047047276981174946,0.032921576872467995,0.0,2.6106194593012333
noise20,output,0.1,0.6,202,5,2.2279571170806887,18.9,2.177035888671875,18.9,0.8283699601888657,0.048216466791927814,0.03456598799675703,0.0,12.699115462601185
noise20,output,0.1,0.6,202,6,2.1722168464660645,18.2,2.1346767578125,18.5,0.8252431303262711,0.04099402576684952,0.036947266198694706,0.0,5.884955823421478
noise20,tensor,0.1,0.6,202,1,2.391056734085083,9.2,2.33688525390625,10.3,0.8647137880325317,0.01667396887205541,0.0,0.0,33.53658467531204
noise20,tensor,0.1,0.6,202,2,2.32405517578125,11.0,2.321811767578125,9.6,0.7416144460439682,0.04771197121590376,0.0,0.0,0.0
noise20,tensor,0.1,0.6,202,3,2.309028112411499,10.2,2.2871888427734377,13.5,0.7424011081457138,0.030836186837404966,0.0,0.0,0.0
noise20,tensor,0.1,0.6,202,4,2.286304819107056,12.45,2.264942138671875,16.7,0.7769084423780441,0.041381376795470715,0.0,0.0,0.6097560748457909
noise20,tensor,0.1,0.6,202,5,2.261492027282715,16.85,2.2348648681640624,18.3,0.8189396262168884,0.04252979252487421,0.0,0.0,10.97560990601778
noise20,tensor,0.1,0.6,202,6,2.2334205379486085,17.7,2.2099913330078125,18.2,0.8462969660758972,0.04626958817243576,0.0,0.0,21.341463550925255
clean,tensor,0.1,0.05,303,1,2.318952709197998,10.65,2.2510550537109375,17.1,0.8707770854234695,0.010413451585918665,0.0,0.0,25.60975607484579
clean,tensor,0.1,0.05,303,2,2.194062049865723,17.9,2.202339111328125,20.1,0.8180003613233566,0.014676534570753574,0.0,0.0,0.0
clean,tensor,0.1,0.05,303,3,2.072226936340332,21.3,2.0200335693359377,24.8,0.8027072101831436,0.017650789814069867,0.0,0.0,0.6097560748457909
clean,tensor,0.1,0.05,303,4,1.9748413372039795,27.6,1.9082985229492186,30.9,0.8028990030288696,0.013180608162656426,0.0,0.0,0.0
clean,tensor,0.1,0.05,303,5,1.89874609375,31.35,1.8738671264648437,32.3,0.8016513884067535,0.011457089800387621,0.0,0.0,0.0
clean,tensor,0.1,0.05,303,6,1.8684185848236083,31.95,1.8611602783203125,32.0,0.8041565716266632,0.014197276206687093,0.0,0.0,0.0
clean,output,0.1,0.05,303,1,2.318147518157959,10.65,2.2477880859375,17.7,0.8654508888721466,0.02946366393007338,0.026952171232551336,0.0,31.50442512705922
clean,output,0.1,0.05,303,2,2.1875144119262697,18.25,2.2749326171875,17.7,0.804740697145462,0.03225807333365083,0.02894102456048131,0.0,0.17699114978313446
clean,output,0.1,0.05,303,3,2.1115277404785155,20.05,2.0276223754882814,22.9,0.7816272526979446,0.03140368079766631,0.030385425314307213,0.0,0.044247787445783615
clean,output,0.1,0.05,303,4,1.996947458267212,25.85,1.9427077026367188,29.5,0.7813529223203659,0.027797024231404066,0.02688552113249898,0.0,0.0
clean,output,0.1,0.05,303,5,1.9302413940429688,30.15,1.9105455932617188,30.3,0.7869808971881866,0.024600156117230654,0.02463011723011732,0.0,0.0
clean,output,0.1,0.05,303,6,1.9053317356109618,30.75,1.8963015747070313,30.2,0.7924814969301224,0.024992873426526785,0.024882318452000618,0.0,0.08849557489156723
clean,output,0.1,0.2,303,1,2.341159442901611,11.65,2.4616781005859374,10.0,0.8605329543352127,0.029637344181537628,0.026331954170018435,0.0,20.265485905110836
clean,output,0.1,0.2,303,2,2.332993679046631,10.4,2.292347412109375,10.7,0.7490725368261337,0.04818121064454317,0.04605263564735651,0.0,0.0
clean,output,0.1,0.2,303,3,2.268879541397095,13.25,2.22443994140625,15.0,0.7424372434616089,0.04210854694247246,0.0409936448559165,0.0,0.0
clean,output,0.1,0.2,303,4,2.166391269683838,18.5,2.102668701171875,19.8,0.786794051527977,0.032450074795633554,0.03196452744305134,0.0,0.08849557489156723
clean,output,0.1,0.2,303,5,2.0757115077972412,20.95,2.019520751953125,22.3,0.7804575264453888,0.035715107806026936,0.03243723278865218,0.0,0.2654867246747017
clean,output,0.1,0.2,303,6,2.023511520385742,24.95,2.0003300170898437,25.4,0.7947384119033813,0.032288237009197474,0.0314970831386745,0.0,0.17699114978313446
clean,tensor,0.1,0.2,303,1,2.3360047569274904,11.4,2.4334422607421873,10.8,0.8649507015943527,0.012075200909748673,0.0,0.0,9.756097756326199
clean,tensor,0.1,0.2,303,2,2.325232732772827,10.55,2.2799927978515626,16.0,0.7604069113731384,0.026565447449684143,0.0,0.0,0.0
clean,tensor,0.1,0.2,303,3,2.2522947788238525,14.4,2.1562862548828123,16.7,0.771232083439827,0.021466420032083988,0.0,0.0,0.0
clean,tensor,0.1,0.2,303,4,2.1950530834197997,18.3,2.250149658203125,13.1,0.8146146535873413,0.020269558299332857,0.0,0.0,0.0
clean,tensor,0.1,0.2,303,5,2.1816770095825193,16.75,2.0898670654296874,22.4,0.7868830412626266,0.022411399520933628,0.0,0.0,0.0
clean,tensor,0.1,0.2,303,6,2.0890447330474853,22.8,2.066016845703125,23.8,0.797834038734436,0.03262094967067242,0.0,0.0,0.0
clean,tensor,0.1,0.6,303,1,2.377323175430298,10.85,2.3148153076171876,10.3,0.8494220525026321,0.013853633659891784,0.0,0.0,28.658536449074745
clean,tensor,0.1,0.6,303,2,2.287769275665283,13.25,2.2310491943359376,12.9,0.7400672137737274,0.03690929524600506,0.0,0.0,0.0
clean,tensor,0.1,0.6,303,3,2.2590264377593994,15.75,2.156878173828125,18.1,0.7817364633083344,0.02586599811911583,0.0,0.0,0.0
clean,tensor,0.1,0.6,303,4,2.100522029876709,18.95,2.032046630859375,23.7,0.7680920213460922,0.018459017388522625,0.0,0.0,0.0
clean,tensor,0.1,0.6,303,5,2.0403927001953126,24.1,1.9962077026367187,28.3,0.7913202941417694,0.017189772333949804,0.0,0.0,0.0
clean,tensor,0.1,0.6,303,6,2.0045598096847534,25.75,1.9827733154296876,27.0,0.7992267459630966,0.017401032149791718,0.0,0.0,0.0
clean,output,0.1,0.6,303,1,2.3777156028747557,11.0,2.3156441650390627,10.8,0.8450482189655304,0.03026170562952757,0.028430056991055608,0.0,25.442477129399776
clean,output,0.1,0.6,303,2,2.2882985649108885,12.7,2.2315374755859376,13.8,0.7311411201953888,0.050807430408895016,0.04625420831143856,0.0,0.044247787445783615
clean,output,0.1,0.6,303,3,2.2048338680267334,18.45,2.185259765625,16.7,0.7752478420734406,0.04107421915978193,0.03814340755343437,0.0,0.044247787445783615
clean,output,0.1,0.6,303,4,2.1295683059692383,17.95,2.0746362915039063,22.0,0.7904339581727982,0.03836806770414114,0.03674871101975441,0.0,0.0
clean,output,0.1,0.6,303,5,2.048048915863037,23.2,1.9914347534179688,26.1,0.7796328067779541,0.033332443330436945,0.03240078780800104,0.0,0.13274336233735085
clean,output,0.1,0.6,303,6,2.0143434829711913,25.1,1.9774345703125,27.6,0.8007480204105377,0.0327313719317317,0.030616046860814095,0.0,0.044247787445783615
noise20,output,0.1,0.05,303,1,2.320000274658203,10.05,2.25614013671875,16.7,0.8616167306900024,0.030472861137241125,0.028114528628066182,0.0,29.11504451185465
noise20,output,0.1,0.05,303,2,2.2426622219085695,16.05,2.1062979736328127,22.0,0.7965008169412613,0.0318564735352993,0.028748910408467054,0.0,0.044247787445783615
noise20,output,0.1,0.05,303,3,2.1885254249572754,18.4,2.0938267822265626,22.4,0.7891065031290054,0.026204819791018963,0.02541586896404624,0.0,0.0
noise20,output,0.1,0.05,303,4,2.1283250999450685,22.35,1.97769873046875,31.6,0.7815668135881424,0.024712896440178156,0.023993027862161398,0.0,0.0
noise20,output,0.1,0.05,303,5,2.0723001613616945,26.55,1.9476325073242187,32.7,0.7873154431581497,0.023075425997376442,0.02281881682574749,0.0,0.0
noise20,output,0.1,0.05,303,6,2.05559885597229,26.4,1.9359234619140624,32.5,0.7921527922153473,0.022633224725723267,0.02234654128551483,0.0,0.0
noise20,tensor,0.1,0.05,303,1,2.3203662185668947,9.85,2.256656494140625,17.1,0.8665474206209183,0.01004332845332101,0.0,0.0,25.0
noise20,tensor,0.1,0.05,303,2,2.24300124168396,16.2,2.1250108642578125,21.5,0.8074192851781845,0.012499473989009857,0.0,0.0,0.0
noise20,tensor,0.1,0.05,303,3,2.17511891746521,19.7,2.082572998046875,22.3,0.808107778429985,0.017580633983016014,0.0,0.0,0.0
noise20,tensor,0.1,0.05,303,4,2.11912494468689,22.65,1.9620927124023437,30.9,0.8072221279144287,0.009388237493112683,0.0,0.0,0.0
noise20,tensor,0.1,0.05,303,5,2.064504283905029,26.7,1.9318367919921875,32.6,0.8068185895681381,0.010910585289821029,0.0,0.0,0.0
noise20,tensor,0.1,0.05,303,6,2.0473508005142214,26.05,1.923537353515625,32.6,0.8003044724464417,0.009029744076542556,0.0,0.0,0.0
noise20,tensor,0.1,0.2,303,1,2.3222109375,12.6,2.2247191162109377,13.1,0.8604177236557007,0.009031112655065954,0.0,0.0,15.243902802467346
noise20,tensor,0.1,0.2,303,2,2.330285535812378,11.9,2.2439810791015624,19.3,0.7989694774150848,0.016088660806417465,0.0,0.0,0.0
noise20,tensor,0.1,0.2,303,3,2.2500283069610596,16.25,2.1824599609375,19.5,0.7781891524791718,0.02320584887638688,0.0,0.0,0.0
noise20,tensor,0.1,0.2,303,4,2.1839158000946046,20.0,2.0452236328125,23.6,0.7728964984416962,0.0191049724817276,0.0,0.0,0.0
noise20,tensor,0.1,0.2,303,5,2.1417788772583006,19.3,2.01755712890625,26.3,0.7972938716411591,0.014400484971702099,0.0,0.0,0.0
noise20,tensor,0.1,0.2,303,6,2.126535436630249,21.55,2.0118460693359377,25.7,0.8109094947576523,0.017583997920155525,0.0,0.0,0.0
noise20,output,0.1,0.2,303,1,2.3213319282531737,12.65,2.21557861328125,12.9,0.8554535359144211,0.03008201438933611,0.027100977022200823,0.0,21.94690266624093
noise20,output,0.1,0.2,303,2,2.3433865604400634,12.35,2.2367142333984376,20.2,0.7846230566501617,0.035572558641433716,0.03272262029349804,0.0,0.044247787445783615
noise20,output,0.1,0.2,303,3,2.210496816635132,18.25,2.1357344970703127,19.4,0.7570966631174088,0.03311237832531333,0.03240942116826773,0.0,0.0
noise20,output,0.1,0.2,303,4,2.167588726043701,20.45,2.043577209472656,24.6,0.7801069915294647,0.029480626806616783,0.02840566821396351,0.0,0.0
noise20,output,0.1,0.2,303,5,2.1357984504699705,20.9,2.013058532714844,26.2,0.7890902310609818,0.02721652900800109,0.025955107994377613,0.0,0.0
noise20,output,0.1,0.2,303,6,2.1159037189483643,22.85,2.00816552734375,26.6,0.79084113240242,0.025332080200314522,0.0243955971673131,0.0,0.0
noise20,output,0.1,0.6,303,1,2.3641747741699217,10.45,2.330187255859375,10.0,0.844804435968399,0.032245516777038574,0.030694108456373215,0.0,26.41592836007476
noise20,output,0.1,0.6,303,2,2.321307376861572,10.45,2.29191552734375,14.6,0.7237298637628555,0.049072835594415665,0.04413716681301594,0.0,0.0
noise20,output,0.1,0.6,303,3,2.29375297164917,13.35,2.26364453125,11.9,0.7479247599840164,0.04030211176723242,0.03666244773194194,0.0,0.13274336233735085
noise20,output,0.1,0.6,303,4,2.2538686866760256,15.0,2.158123046875,22.2,0.7824352085590363,0.038081235252320766,0.034586844965815544,0.0,0.6194690242409706
noise20,output,0.1,0.6,303,5,2.1940212497711182,18.35,2.0875889892578123,24.5,0.7910302579402924,0.03430839814245701,0.032424332574009895,0.0,0.3097345121204853
noise20,output,0.1,0.6,303,6,2.1681228675842283,22.2,2.0790384521484375,26.9,0.7883587181568146,0.034871856682002544,0.03391447803005576,0.0,0.0
noise20,tensor,0.1,0.6,303,1,2.3635691871643068,10.5,2.3286575927734376,10.0,0.8518943786621094,0.012640054861549288,0.0,0.0,25.60975607484579
noise20,tensor,0.1,0.6,303,2,2.3241573390960695,10.35,2.2877005615234376,17.2,0.7417311519384384,0.035493917763233185,0.0,0.0,0.0
noise20,tensor,0.1,0.6,303,3,2.2957468204498293,11.0,2.271553955078125,10.6,0.7629352509975433,0.02498723194003105,0.0,0.0,0.0
noise20,tensor,0.1,0.6,303,4,2.25624472618103,13.95,2.16716064453125,21.9,0.7816431075334549,0.027514337096363306,0.0,0.0,0.0
noise20,tensor,0.1,0.6,303,5,2.1884832248687744,18.15,2.0791627197265625,22.3,0.8033201396465302,0.024488347582519054,0.0,0.0,0.0
noise20,tensor,0.1,0.6,303,6,2.1693717250823976,19.4,2.0728760986328125,23.9,0.7963801473379135,0.013677363749593496,0.0,0.0,0.0
