condition,scope,adaptation_rate,learning_rate,seed,initial_state_hash,epoch_order_hash,best_validation_accuracy,final_validation_accuracy,selected_test_accuracy,mean_validation_accuracy,final_validation_loss,mean_validation_loss,best_epoch,elapsed_seconds,steps,diverged,beta_mean,beta_std,mean_within_tensor_beta_std,pct_beta_below_0_5,pct_beta_above_0_9
noise20,tensor,0.1,0.05,404,5f895d233cf45c0ffeab958c4ff4695b93251ac12d00aba41c8390061a52efb7,debb2e4ab369336ffc6563ccbe5ec6d63002fe76b93d15d2af646a62e8cb065a,30.0,30.0,28.65,22.666666666666668,1.9893017578125,2.101454315185547,6,1.616232874977868,48,False,0.8081786086161932,0.011871917318785563,0.0,0.0,4.166666666666667
noise20,output,0.1,0.05,404,5f895d233cf45c0ffeab958c4ff4695b93251ac12d00aba41c8390061a52efb7,debb2e4ab369336ffc6563ccbe5ec6d63002fe76b93d15d2af646a62e8cb065a,28.9,28.9,28.1,22.516666666666666,1.9931345825195312,2.1025960896809894,6,1.5699371669907123,48,False,0.7959805677334467,0.028835817899865408,0.027064584001588326,0.0,4.97050144088765
noise20,output,0.1,0.2,404,5f895d233cf45c0ffeab958c4ff4695b93251ac12d00aba41c8390061a52efb7,debb2e4ab369336ffc6563ccbe5ec6d63002fe76b93d15d2af646a62e8cb065a,26.3,25.1,25.3,20.05,2.0548759765625,2.1474131164550783,5,1.5325385420001112,48,False,0.7852363213896751,0.03045374822492401,0.02846965069572131,0.0,4.174041406561931
noise20,tensor,0.1,0.2,404,5f895d233cf45c0ffeab958c4ff4695b93251ac12d00aba41c8390061a52efb7,debb2e4ab369336ffc6563ccbe5ec6d63002fe76b93d15d2af646a62e8cb065a,26.5,26.1,26.3,20.116666666666667,2.0601826171875,2.1523558553059896,5,1.7300481670245063,48,False,0.797461062669754,0.01374246880489712,0.0,0.0,3.9634146727621555
noise20,tensor,0.1,0.6,404,5f895d233cf45c0ffeab958c4ff4695b93251ac12d00aba41c8390061a52efb7,debb2e4ab369336ffc6563ccbe5ec6d63002fe76b93d15d2af646a62e8cb065a,24.6,24.6,24.7,18.5,2.066660888671875,2.1742540283203122,6,1.571976083010668,48,False,0.7908661042650541,0.01795067028918614,0.0,0.0,1.7276422120630741
noise20,output,0.1,0.6,404,5f895d233cf45c0ffeab958c4ff4695b93251ac12d00aba41c8390061a52efb7,debb2e4ab369336ffc6563ccbe5ec6d63002fe76b93d15d2af646a62e8cb065a,25.9,25.9,24.2,18.2,2.066813171386719,2.1741810607910157,6,1.5554492910159752,48,False,0.7763881757855415,0.03710701735690236,0.03412296405682961,0.0,2.7876105469961963
noise20,output,0.3,0.05,404,5f895d233cf45c0ffeab958c4ff4695b93251ac12d00aba41c8390061a52efb7,debb2e4ab369336ffc6563ccbe5ec6d63002fe76b93d15d2af646a62e8cb065a,29.5,29.5,28.75,22.766666666666666,1.9903426513671876,2.1005721435546874,6,1.5276536250021309,48,False,0.7891849428415298,0.06098402990028262,0.057829259506737195,0.007374631240963936,5.530973353112738
noise20,tensor,0.3,0.05,404,5f895d233cf45c0ffeab958c4ff4695b93251ac12d00aba41c8390061a52efb7,debb2e4ab369336ffc6563ccbe5ec6d63002fe76b93d15d2af646a62e8cb065a,30.0,30.0,28.6,22.733333333333334,1.9865744018554687,2.100432647705078,6,1.5549890410038643,48,False,0.8032050008575121,0.026006998242034268,0.0,0.0,4.268292679140965
noise20,tensor,0.3,0.2,404,5f895d233cf45c0ffeab958c4ff4695b93251ac12d00aba41c8390061a52efb7,debb2e4ab369336ffc6563ccbe5ec6d63002fe76b93d15d2af646a62e8cb065a,28.3,27.1,28.85,20.233333333333334,2.0097131958007814,2.1242532958984377,5,1.5623449999839067,48,False,0.7919278219342232,0.029358298672984045,0.0,0.0,3.760162585725387
noise20,output,0.3,0.2,404,5f895d233cf45c0ffeab958c4ff4695b93251ac12d00aba41c8390061a52efb7,debb2e4ab369336ffc6563ccbe5ec6d63002fe76b93d15d2af646a62e8cb065a,29.2,29.2,30.2,21.25,1.9852080688476563,2.1038928527832033,6,1.5411354170064442,48,False,0.7829290976126989,0.06066037636871139,0.05754600604996085,0.007374631240963936,4.601769894361496
noise20,output,0.3,0.6,404,5f895d233cf45c0ffeab958c4ff4695b93251ac12d00aba41c8390061a52efb7,debb2e4ab369336ffc6563ccbe5ec6d63002fe76b93d15d2af646a62e8cb065a,26.7,26.1,27.0,19.0,2.0383463745117187,2.1663066406250002,5,1.5463169160066172,48,False,0.7730019489924113,0.07026694544280569,0.06604227392623822,0.1622418873012066,4.063421813771129
noise20,tensor,0.3,0.6,404,5f895d233cf45c0ffeab958c4ff4695b93251ac12d00aba41c8390061a52efb7,debb2e4ab369336ffc6563ccbe5ec6d63002fe76b93d15d2af646a62e8cb065a,23.5,23.5,23.05,17.2,2.17509912109375,2.2467828369140626,6,1.561374708020594,48,False,0.7907708883285522,0.04847513798934718,0.0,0.4065040498971939,13.21138193209966
noise20,tensor,1.0,0.05,404,5f895d233cf45c0ffeab958c4ff4695b93251ac12d00aba41c8390061a52efb7,debb2e4ab369336ffc6563ccbe5ec6d63002fe76b93d15d2af646a62e8cb065a,31.3,31.3,28.75,23.75,1.9726329345703124,2.0867235107421873,6,1.6053092500078492,48,False,0.7960952669382095,0.0897666458816578,0.0,7.926829221347968,25.406503956764936
noise20,output,1.0,0.05,404,5f895d233cf45c0ffeab958c4ff4695b93251ac12d00aba41c8390061a52efb7,debb2e4ab369336ffc6563ccbe5ec6d63002fe76b93d15d2af646a62e8cb065a,31.3,31.0,29.5,24.266666666666666,1.9619310913085937,2.0664537251790365,5,1.5814844999986235,48,False,0.7978899230559667,0.19146195830156407,0.18075283399472633,11.33480827944974,43.72418945034345
noise20,output,1.0,0.2,404,5f895d233cf45c0ffeab958c4ff4695b93251ac12d00aba41c8390061a52efb7,debb2e4ab369336ffc6563ccbe5ec6d63002fe76b93d15d2af646a62e8cb065a,31.4,31.4,31.7,21.916666666666668,1.9484223022460938,2.113776082356771,6,1.5609998749860097,48,False,0.7888210465510687,0.19628492215027413,0.18473827124883732,11.976401306067904,41.32743403315544
noise20,tensor,1.0,0.2,404,5f895d233cf45c0ffeab958c4ff4695b93251ac12d00aba41c8390061a52efb7,debb2e4ab369336ffc6563ccbe5ec6d63002fe76b93d15d2af646a62e8cb065a,28.5,27.8,27.05,20.283333333333335,2.0097626953125,2.1287069498697915,5,1.5653189159929752,48,False,0.7765796631574631,0.1017931333432595,0.0,6.808943053086598,23.373983707278967
noise20,tensor,1.0,0.6,404,5f895d233cf45c0ffeab958c4ff4695b93251ac12d00aba41c8390061a52efb7,debb2e4ab369336ffc6563ccbe5ec6d63002fe76b93d15d2af646a62e8cb065a,27.0,27.0,26.1,19.8,2.0254420166015623,2.1439069417317707,6,1.5655274589953478,48,False,0.7785453150669733,0.09784056727464001,0.0,5.487804859876633,25.20325205599268
noise20,output,1.0,0.6,404,5f895d233cf45c0ffeab958c4ff4695b93251ac12d00aba41c8390061a52efb7,debb2e4ab369336ffc6563ccbe5ec6d63002fe76b93d15d2af646a62e8cb065a,28.5,28.5,27.35,19.8,1.99624560546875,2.1362506306966145,6,1.554474874981679,48,False,0.7556776801745096,0.22431495351095995,0.2116616057852904,16.37168147911628,37.33038374533256
noise20,output,0.1,0.05,505,c191242e7d3591500b303507071e2a9d0a10c2271011bd04ff5f164867abba78,fc5932e1ba6295e2d4e533fe18cf5d4596b9247f7846b6a038223f8eef65b2c3,32.2,32.2,30.45,25.016666666666666,1.9563143310546875,2.0713028462727867,6,1.574042666994501,48,False,0.8033443639675776,0.028764487942680717,0.02637192455586046,0.0,5.154867113257448
noise20,tensor,0.1,0.05,505,c191242e7d3591500b303507071e2a9d0a10c2271011bd04ff5f164867abba78,fc5932e1ba6295e2d4e533fe18cf5d4596b9247f7846b6a038223f8eef65b2c3,31.3,31.0,29.8,24.616666666666664,1.9547294311523438,2.071439442952474,5,1.5564236250065733,48,False,0.8141503408551216,0.012607525975909084,0.0,0.0,4.369918784747521
noise20,tensor,0.1,0.2,505,c191242e7d3591500b303507071e2a9d0a10c2271011bd04ff5f164867abba78,fc5932e1ba6295e2d4e533fe18cf5d4596b9247f7846b6a038223f8eef65b2c3,18.8,18.8,17.35,16.7,2.211384033203125,2.232784891764323,6,1.5506913340068422,48,False,0.7935632392764091,0.02711054403334856,0.0,0.0,4.573170809696118
noise20,output,0.1,0.2,505,c191242e7d3591500b303507071e2a9d0a10c2271011bd04ff5f164867abba78,fc5932e1ba6295e2d4e533fe18cf5d4596b9247f7846b6a038223f8eef65b2c3,22.0,22.0,21.7,18.633333333333333,2.083291748046875,2.17331591796875,6,1.6161225830146577,48,False,0.7898987804849943,0.03525537896590928,0.033216747494104006,0.0,4.520648888622721
noise20,output,0.1,0.6,505,c191242e7d3591500b303507071e2a9d0a10c2271011bd04ff5f164867abba78,fc5932e1ba6295e2d4e533fe18cf5d4596b9247f7846b6a038223f8eef65b2c3,24.9,23.7,23.75,20.03333333333333,2.048785400390625,2.163668111165365,5,1.5484831249923445,48,False,0.7831135268012682,0.03644391467484335,0.03508994045356909,0.0,4.210914516200622
noise20,tensor,0.1,0.6,505,c191242e7d3591500b303507071e2a9d0a10c2271011bd04ff5f164867abba78,fc5932e1ba6295e2d4e533fe18cf5d4596b9247f7846b6a038223f8eef65b2c3,21.8,21.8,22.6,17.283333333333335,2.150779541015625,2.2200574747721356,6,1.625330708018737,48,False,0.7891747156778971,0.02915855481599768,0.0,0.0,5.28455280388395
noise20,tensor,0.3,0.05,505,c191242e7d3591500b303507071e2a9d0a10c2271011bd04ff5f164867abba78,fc5932e1ba6295e2d4e533fe18cf5d4596b9247f7846b6a038223f8eef65b2c3,32.0,32.0,30.7,24.333333333333332,1.967189697265625,2.083068339029948,6,1.5903055829985533,48,False,0.7993532717227936,0.029604480757067602,0.0,0.0,4.369918784747521
noise20,output,0.3,0.05,505,c191242e7d3591500b303507071e2a9d0a10c2271011bd04ff5f164867abba78,fc5932e1ba6295e2d4e533fe18cf5d4596b9247f7846b6a038223f8eef65b2c3,31.2,31.2,31.35,23.3,1.9704849853515625,2.091503204345703,6,1.604316375014605,48,False,0.7936387807130814,0.06019018869847059,0.057188861848165594,0.007374631240963936,6.039823017393549
noise20,output,0.3,0.2,505,c191242e7d3591500b303507071e2a9d0a10c2271011bd04ff5f164867abba78,fc5932e1ba6295e2d4e533fe18cf5d4596b9247f7846b6a038223f8eef65b2c3,20.3,20.3,21.6,17.633333333333333,2.1286512451171875,2.2009787190755206,6,1.5659332500072196,48,False,0.7868481104572614,0.07665947296967109,0.06995610194280744,0.8333333302289248,10.294985103731355
noise20,tensor,0.3,0.2,505,c191242e7d3591500b303507071e2a9d0a10c2271011bd04ff5f164867abba78,fc5932e1ba6295e2d4e533fe18cf5d4596b9247f7846b6a038223f8eef65b2c3,21.5,21.5,21.05,16.900000000000002,2.200195068359375,2.235777872721354,6,1.5562043329991866,48,False,0.7952303687731425,0.03502037841826677,0.0,0.0,5.48780495300889
noise20,tensor,0.3,0.6,505,c191242e7d3591500b303507071e2a9d0a10c2271011bd04ff5f164867abba78,fc5932e1ba6295e2d4e533fe18cf5d4596b9247f7846b6a038223f8eef65b2c3,22.7,22.7,22.95,17.8,2.140736083984375,2.213486490885417,6,1.559547458018642,48,False,0.7925794422626495,0.04710904019884765,0.0,0.10162601247429848,9.756097570061684
noise20,output,0.3,0.6,505,c191242e7d3591500b303507071e2a9d0a10c2271011bd04ff5f164867abba78,fc5932e1ba6295e2d4e533fe18cf5d4596b9247f7846b6a038223f8eef65b2c3,20.2,16.8,18.15,16.183333333333334,2.2116610107421875,2.2346784057617186,4,1.5255125830008183,48,False,0.7780297920107841,0.07981516188010573,0.07477885841702421,0.7153392303735018,10.38348094249765
noise20,output,1.0,0.05,505,c191242e7d3591500b303507071e2a9d0a10c2271011bd04ff5f164867abba78,fc5932e1ba6295e2d4e533fe18cf5d4596b9247f7846b6a038223f8eef65b2c3,31.8,30.9,32.15,24.383333333333336,1.9592865600585938,2.072477518717448,5,1.5848777499923017,48,False,0.7909761816263199,0.1986627709120512,0.18536317658921084,12.16814168728888,44.95575204491615
noise20,tensor,1.0,0.05,505,c191242e7d3591500b303507071e2a9d0a10c2271011bd04ff5f164867abba78,fc5932e1ba6295e2d4e533fe18cf5d4596b9247f7846b6a038223f8eef65b2c3,32.2,31.7,31.0,24.599999999999998,1.952812255859375,2.0746909891764322,5,1.573313540982781,48,False,0.7968132595221201,0.09212201414629817,0.0,8.434959221631289,31.402439034233492
noise20,tensor,1.0,0.2,505,c191242e7d3591500b303507071e2a9d0a10c2271011bd04ff5f164867abba78,fc5932e1ba6295e2d4e533fe18cf5d4596b9247f7846b6a038223f8eef65b2c3,21.1,21.1,18.1,16.183333333333334,2.213325927734375,2.2540335693359377,6,1.5593562079884578,48,False,0.7979804550608,0.10020599110672872,0.0,7.825203270961841,35.5691058250765
noise20,output,1.0,0.2,505,c191242e7d3591500b303507071e2a9d0a10c2271011bd04ff5f164867abba78,fc5932e1ba6295e2d4e533fe18cf5d4596b9247f7846b6a038223f8eef65b2c3,28.8,28.7,28.0,23.78333333333333,1.96143310546875,2.072492991129557,5,1.5530025829793885,48,False,0.8063150321443876,0.19141384897132716,0.18162554999192557,11.002949997782707,48.20796431352695
noise20,output,1.0,0.6,505,c191242e7d3591500b303507071e2a9d0a10c2271011bd04ff5f164867abba78,fc5932e1ba6295e2d4e533fe18cf5d4596b9247f7846b6a038223f8eef65b2c3,27.5,27.1,27.25,21.833333333333332,1.9793530883789063,2.1047733764648435,5,1.5615027500025462,48,False,0.7980568011601766,0.19504529206703106,0.1846032738685608,12.042772863060236,48.06784614920616
noise20,tensor,1.0,0.6,505,c191242e7d3591500b303507071e2a9d0a10c2271011bd04ff5f164867abba78,fc5932e1ba6295e2d4e533fe18cf5d4596b9247f7846b6a038223f8eef65b2c3,21.1,21.1,19.6,17.466666666666665,2.2032412109375,2.226014831542969,6,1.5597849580226466,48,False,0.7993154202898344,0.10065622309533258,0.0,5.182926822453737,31.300812866538763
